{"stats":{"minecraft:dropped":{"minecraft:mutton":2,"minecraft:white_wool":1,"minecraft:oak_sapling":2},"minecraft:picked_up":{"minecraft:bone":1,"minecraft:oak_log":6,"minecraft:oak_sapling":2,"minecraft:mutton":4,"minecraft:white_wool":1},"minecraft:custom":{"minecraft:time_since_rest":1,"minecraft:crouch_one_cm":1059,"minecraft:deaths":4,"minecraft:play_time":20823,"minecraft:sprint_one_cm":16885,"minecraft:damage_taken":1260,"minecraft:walk_one_cm":55400,"minecraft:sneak_time":316,"minecraft:mob_kills":2,"minecraft:drop":4,"minecraft:jump":250,"minecraft:leave_game":1,"minecraft:damage_dealt":366,"minecraft:walk_on_water_one_cm":263,"minecraft:time_since_death":254,"minecraft:total_world_time":20823,"minecraft:fall_one_cm":2771,"minecraft:fly_one_cm":28611},"minecraft:used":{"tombstone:gift":2,"alexsmobs:animal_dictionary":1},"minecraft:killed":{"minecraft:sheep":1},"minecraft:killed_by":{"minecraft:skeleton":1,"minecraft:spider":1,"minecraft:zombie":1,"graveyard:skeleton_creeper":1},"minecraft:mined":{"minecraft:grass":8,"minecraft:oak_log":6,"minecraft:oak_leaves":3}},"DataVersion":3465}